{
  "data": [
      {
      "id": 43,
      "title": "Old Memory",
      "artist": "三輪学",
      "pic": "http://aufree.qiniudn.com/images/album/img20/89520/4280541424067346.jpg",
      "music_url" : "http://aufree.qiniudn.com/1770059653_2050944_l.mp3",
      "file_name" : "1770059653_2050944_l",
      "content": "此曲旋律轻快, 美妙, 仿佛欲将人带入一个十分干净且祥和的小镇... "
      },
      {
      "id": 2,
      "title": "A Little Story",
      "artist": "Valentin",
      "pic": "http://aufree.qiniudn.com/images/album/img28/65928/4263201298258620.jpg",
      "music_url" : "http://aufree.qiniudn.com/1770040300_2031329_l.mp3",
      "file_name" : "1770040300_2031329_l",
      "content": "整首歌曲曲调轻松欢快, 这几天一直循环播放~"
      },
      {
      "id": 111,
      "title": "letter song",
      "artist": "ヲタみん",
      "pic": "http://aufree.qiniudn.com/images/album/img75/87975/6615037721361503772.jpg",
      "music_url" : "http://aufree.qiniudn.com/1771694697_4194836_l.mp3",
      "file_name" : "1771694697_4194836_l",
      "content": "致十年后的自己，人生能有几个十年"
      }
  ]
}
